?oine,,,,,,,
anus,,,,,,,
ass,,,,,,,
batard,,,,,,,
bitch,,,,,,,
bite,,,,,,,
blowjob,,,,,,,
boobs,,,,,,,
burettes,,,,,,,
chatte,,,,,,,
chier,,,,,,,
cock,,,,,,,
connard,,,,,,,
connasse,,,,,,,
cul,,,,,,,
cunt,,,,,,,
dick,,,,,,,
emmerdeur,,,,,,,
encul?,,,,,,
enculé,,,,,,,
enfoir?,,,,,,
enfoiré,,,,,,,
éroine,,,,,,,
fadasse,,,,,,,
fuck,,,,,,,
garce,,,,,,,
garce,,,,,,,
goddamn,,,,,,,
hitler,,,,,,,
jot,,,,,,,
maniac,,,,,,,
masturbation,,,,,,,
merde,,,,,,,
merdeux,,,,,,,
nigger,,,,,,,
nique,,,,,,,
niquer,,,,,,,
onanism,,,,,,,
orgasm,,,,,,,
orgasme,,,,,,,
p??,,,,,,
p?asse,,,,,,,
p?is,,,,,,,
pede,,,,,,,
pede,,,,,,,
pédé,,,,,,,
penis,,,,,,,
pénis,,,,,,,
pétasse,,,,,,,
poufiasse,,,,,,,
putain,,,,,,,
pute,,,,,,,
salaud,,,,,,,
salopard,,,,,,,
salope,,,,,,,
seins,,,,,,,
shit,,,,,,,
sibal,,,,,,,
sperm,,,,,,,
ssibal,,,,,,,
ssibbal,,,,,,,
suceur,,,,,,,
suck,,,,,,,
sucker,,,,,,,
swine,,,,,,,
testicles,,,,,,,
tits,,,,,,,
vagin,,,,,,,
vagina,,,,,,,
vulva,,,,,,,
wanker,,,,,,,
whore,,,,,,,
zob,,,,,,,
