abtreibung,,,,,,,
abtreiben,,,,,,,
arsch,,,,,,,
arschloch,,,,,,,
anus,,,,,,,
ass,,,,,,,
bitch,,,,,,,
blasen,,,,,,,
blowjob,,,,,,,
boobs,,,,,,,
cock,,,,,,,
cunt,,,,,,,
dick,,,,,,,
drecksack,,,,,,,
erogen,,,,,,,
ficken,,,,,,,
fotze,,,,,,,
fuck,,,,,,,
goddamn,,,,,,,
hitler,,,,,,,
hoden,,,,,,,
hure,,,,,,,
inzest,,,,,,,
jot,,,,,,,
kacke,,,,,,,
kanake,,,,,,,
kiffen,,,,,,,
kitzler,,,,,,,
klitoris,,,,,,,
luder,,,,,,,
maniac,,,,,,,
masturbation,,,,,,,
möse,,,,,,,
muschi,,,,,,,
nigger,,,,,,,
nutte,,,,,,,
onanism,,,,,,,
onanieren,,,,,,,
orgasm,,,,,,,
orgasmus,,,,,,,
penis,,,,,,,
pimmel,,,,,,,
pisser,,,,,,,
pisse,,,,,,,
pissen,,,,,,,
pussy,,,,,,,
shit,,,,,,,
scheide,,,,,,,
scheisse,,,,,,,
schwanz,,,,,,,
schwanzlutscher,,,,,,,
sibal,,,,,,,
ssibal,,,,,,,
ssibbal,,,,,,,
spacko,,,,,,,
sperm,,,,,,,
sperma,,,,,,,
suck,,,,,,,
sucker,,,,,,,
swine,,,,,,,
testicles,,,,,,,
tits,,,,,,,
titten,,,,,,,
tripper,,,,,,,
vagina,,,,,,,
vögeln,,,,,,,
vulva,,,,,,,
wanker,,,,,,,
whore,,,,,,,
wickser,,,,,,,
wixen,,,,,,,
wixer,,,,,,,
wixxer,,,,,,,
www.,,,,,,,
w.w.w.,,,,,,,
w*w*w.,,,,,,,
